,year,Hunter x Hunter Interest Over Time
0,2015,31.0
1,2016,29.78846153846154
2,2017,24.264150943396228
3,2018,23.46153846153846
4,2019,29.634615384615383
5,2020,63.05769230769231
6,2021,70.5
