,year,Jujutsu Kaisen Interest Over Time
0,2015,0.0
1,2016,0.0
2,2017,0.0
3,2018,0.06382978723404255
4,2019,0.8780487804878049
5,2020,20.25
6,2021,95.5
