,year,One piece Interest Over Time
0,2004,3.5833333333333335
1,2005,5.083333333333333
2,2006,6.166666666666667
3,2007,7.083333333333333
4,2008,8.083333333333334
5,2009,11.416666666666666
6,2010,16.416666666666668
7,2011,12.75
8,2012,13.166666666666666
9,2013,14.5
10,2014,15.333333333333334
11,2015,17.0
12,2016,16.25
13,2017,15.25
14,2018,14.916666666666666
15,2019,14.083333333333334
16,2020,19.166666666666668
17,2021,26.75
18,2022,37.083333333333336
19,2023,44.916666666666664
20,2024,39.2
